"ID","Description","GeneRatio","BgRatio","RichFactor","FoldEnrichment","zScore","pvalue","p.adjust","qvalue","geneID","Count"
"GO:1903046","meiotic cell cycle process","81/3310","180/16481",0.45,2.24061933534743,8.38978632197916,2.81999998391134e-14,8.65436922673454e-11,8.65436922673454e-11,"79173/84501/245711/4880/7283/84072/79703/63979/54514/9088/56159/995/197342/25788/25879/91646/283129/2177/136991/81626/644186/10388/151246/4603/138474/9232/10635/158401/140801/54888/57082/9918/2069/150280/1761/388553/675/146956/8438/284071/83990/11077/400629/166863/10403/83540/993/4439/285498/346673/100130958/11022/84944/7153/9633/151648/317761/676/9700/10734/23397/3619/220134/5888/221150/10609/283677/26255/254528/54456/11130/7272/9319/286151/991/84057/347688/126549/56154/6790/56979",81
"GO:0007606","sensory perception of chemical stimulus","71/3310","149/16481",0.476510067114094,2.3726170441412,8.43734993449498,3.17999971586792e-14,8.65436922673454e-11,8.65436922673454e-11,"5726/26539/81285/9288/119395/8989/1259/26534/50831/341152/338440/29991/26219/26212/259294/1258/259296/130075/1469/23538/390445/563/387815/51764/1470/8590/259293/347168/144125/338755/283159/29989/100507003/79339/390064/392309/765/7932/442197/50838/259295/390083/341276/158131/81406/390059/390037/121275/259289/390441/81193/41/338398/143503/219432/4025/3933/282763/338396/346562/2779/4975/83756/390077/390275/259292/1472/26659/4992/6339/259291",71
"GO:0019730","antimicrobial humoral response","76/3310","167/16481",0.455089820359281,2.26596233514843,8.24293769203,8.49995736435639e-14,1.20017329974512e-10,1.20017329974512e-10,"57817/8340/2147/8341/8970/51297/4922/6363/11005/1672/28912/140686/3605/114771/8346/6278/8349/56477/10406/6364/8342/5645/3495/26525/3503/8347/4057/85236/3018/4879/10407/3017/280664/7018/8339/164237/9547/440689/6280/84659/4283/3273/2244/3827/259239/8343/3502/10563/796/1673/3501/5646/2243/1670/2597/3507/3494/6700/10344/57115/3493/3853/6372/8344/6346/3497/8345/6370/5967/81623/337874/8348/3500/5266/54145/6354",76
"GO:0006334","nucleosome assembly","53/3310","98/16481",0.540816326530612,2.69280781799125,8.42572351660204,8.81993973724137e-14,1.20017329974512e-10,1.20017329974512e-10,"3024/8340/8341/8970/255626/8356/8290/29028/6662/8361/8346/8349/8342/8368/388951/8347/3018/3014/126961/8339/3008/8366/121504/8354/8350/10036/8355/8343/8294/3010/55723/8353/8208/8360/3005/8367/8358/8968/8365/3006/8370/3009/8344/8364/8362/554313/8345/8357/8352/8363/8359/3007/653604",53
"GO:0050906","detection of stimulus involved in sensory perception","74/3310","163/16481",0.45398773006135,2.26047485774656,8.10732813352459,2.09648418658735e-13,2.28223268551899e-10,2.28223268551899e-10,"5726/26539/2898/81285/5475/8989/3776/222662/4923/26534/50831/3673/341152/26219/59335/346007/1301/26212/3249/1258/259296/130075/1469/23538/390445/563/387815/1470/8590/134/259293/347168/144125/338755/7287/283159/79339/390064/392309/765/7932/442197/50838/259295/390083/341276/158131/81406/7442/390059/117531/390037/121275/259289/390441/81193/255061/143503/6121/219432/4025/282763/338396/346562/2779/83756/390077/2047/390275/259292/1472/26659/92840/4992",74
"GO:0061644","protein localization to CENP-A containing chromatin","18/3310","18/16481",1,4.97915407854985,8.46751052477019,2.72347173588774e-13,2.47064277640616e-10,2.47064277640616e-10,"8970/8335/3012/8361/8368/8366/121504/1058/8294/8360/8367/8365/8370/8364/8362/554313/8363/8359",18
"GO:0140013","meiotic nuclear division","71/3310","155/16481",0.458064516129032,2.28077380372283,8.03122170361956,3.72924007038682e-13,2.8997505290165e-10,2.8997505290165e-10,"79173/84501/245711/84072/79703/63979/54514/56159/197342/25788/25879/91646/283129/2177/136991/81626/644186/10388/151246/4603/138474/9232/10635/158401/140801/57082/2069/150280/1761/388553/675/146956/8438/284071/83990/11077/400629/166863/10403/83540/4439/285498/346673/100130958/11022/84944/7153/9633/151648/317761/676/9700/10734/23397/3619/220134/5888/221150/10609/26255/254528/54456/11130/7272/9319/286151/84057/347688/126549/56154/56979",71
"GO:0019731","antibacterial humoral response","45/3310","79/16481",0.569620253164557,2.8362270067689,8.20114967687429,5.50368081180218e-13,3.74456683232991e-10,3.74456683232991e-10,"8340/8341/8970/51297/11005/1672/28912/140686/8346/8349/10406/8342/3495/3503/8347/4057/85236/3018/3017/280664/7018/8339/164237/440689/84659/2244/259239/8343/3502/796/3501/2243/1670/3507/3494/6700/3493/8344/3497/8345/337874/8348/3500/5266/54145",45
"GO:0016064","immunoglobulin mediated immune response","71/3310","157/16481",0.452229299363057,2.25171936036331,7.89999339831637,8.10562802744382e-13,4.41993340477545e-10,4.41993340477545e-10,"28468/102723170/28426/28452/28408/733/102723169/3543/28442/7784/28466/28445/28414/100423062/28467/28394/28444/57289/3495/725/28409/55061/3503/28447/28395/1380/939/28450/28834/28458/28410/28424/28449/28392/28457/3538/28385/28412/28448/28400/28429/930/102723168/3502/10538/28464/3501/28401/28432/7292/3494/28423/28388/3514/28473/3493/28461/3539/3542/28439/59067/3497/28343/28434/28378/28391/3329/3500/28455/28420/28454",71
"GO:0050907","detection of chemical stimulus involved in sensory perception","55/3310","108/16481",0.509259259259259,2.53568031778002,8.02660313991673,8.12039942086249e-13,4.41993340477545e-10,4.41993340477545e-10,"5726/26539/81285/8989/26534/50831/341152/26219/26212/1258/259296/130075/1469/23538/390445/563/387815/1470/8590/259293/347168/144125/338755/283159/79339/390064/392309/765/7932/442197/50838/259295/390083/341276/158131/81406/390059/390037/121275/259289/390441/81193/143503/219432/4025/282763/338396/2779/83756/390077/390275/259292/1472/26659/4992",55
"GO:0007600","sensory perception","164/3310","490/16481",0.33469387755102,1.66649238547383,7.50824864048697,1.22431045697068e-12,6.05811074299221e-10,6.05811074299221e-10,"5726/7020/50617/1141/26539/2898/81285/4986/9288/119395/5475/8989/1259/157506/3776/339768/222662/4923/22999/26534/50831/388551/3673/7054/59344/1412/341152/338440/83715/79054/1302/1690/119467/51151/7349/25794/29991/26219/1001/4935/59335/155051/57214/346007/7299/1301/6011/26212/30813/9227/197021/3249/259294/375323/1258/259296/3751/130075/1469/11281/23538/23620/390445/563/387815/30062/5080/10874/161497/51764/1470/9536/53904/8590/134/1261/259293/6496/440435/121227/25806/347168/144125/51305/338755/7287/10804/283159/29989/100507003/79339/390064/24/392309/5077/765/140469/1277/5368/3198/7932/8419/442197/50838/259295/390083/94233/341276/158131/81406/7442/390059/3859/150/4990/332/113278/117531/390037/121275/259289/390441/81193/41/338398/255061/143503/6121/219432/4025/3933/4988/282763/338396/346562/54714/7546/5172/2779/4975/124590/10083/8508/1280/56914/2700/83756/390077/1428/2047/150677/4693/390275/4647/259292/1472/5459/26659/92840/4992/6339/2706/259291/5132",164
"GO:0019724","B cell mediated immunity","72/3310","162/16481",0.444444444444444,2.21295736824438,7.77749066938066,1.59793839629326e-12,7.2479822425202e-10,7.2479822425202e-10,"28468/102723170/28426/28452/28408/733/102723169/3543/28442/7784/28466/28445/28414/100423062/28467/28394/28444/57289/3495/725/28409/55061/3503/28447/28395/1380/939/28450/28834/28458/28410/28424/28449/28392/28457/3538/28385/28412/28448/28400/28429/930/102723168/3502/10538/28464/3501/28401/28432/7292/970/3494/28423/28388/3514/28473/3493/28461/3539/3542/28439/59067/3497/28343/28434/28378/28391/3329/3500/28455/28420/28454",72
"GO:0051321","meiotic cell cycle","102/3310","266/16481",0.383458646616541,1.90929968425596,7.49501675055246,3.56905625407415e-12,1.49433639930197e-09,1.49433639930197e-09,"79173/84501/245711/4880/7283/84072/79703/63979/54514/9088/56159/66037/995/197342/25788/25879/91646/283129/2177/51207/136991/171484/81626/440822/644186/10388/4751/132625/151246/4603/138474/9232/10635/158401/140801/54888/57082/9918/2069/150280/1761/388553/675/146956/8438/284071/83990/284338/11077/400629/166863/10403/83540/993/4439/3014/7516/285498/27127/346673/100130958/157777/11022/84944/642636/7153/9633/151648/317761/676/9700/10734/23397/283461/3619/220134/259266/5888/221150/56165/10609/9271/9156/171483/283677/5687/26255/254528/54456/4288/11130/157313/7272/9319/286151/991/84057/347688/126549/56154/6790/56979",102
"GO:0071459","protein localization to chromosome, centromeric region","27/3310","37/16481",0.72972972972973,3.63343676002286,8.03902255647525,5.68901960600439e-12,2.21180955110585e-09,2.21180955110585e-09,"8970/54908/8335/9212/3012/27085/8361/8368/57082/8366/121504/1058/55055/8294/8360/8367/83903/8365/8370/8364/8362/554313/983/8363/8359/7272/9735",27
"GO:0034728","nucleosome organization","55/3310","114/16481",0.482456140350877,2.40222345894949,7.53127209991509,1.31588715896698e-11,4.77491587083817e-09,4.77491587083817e-09,"3024/8340/8341/8970/255626/8356/8290/29028/6662/8361/8346/8349/8342/8368/388951/8347/3018/3014/126961/8339/3008/8366/121504/8354/8350/10036/8355/8343/8294/3010/55723/8353/8208/8360/3005/92815/8367/8358/8968/8365/3006/8370/3009/8344/8364/8362/554313/8345/8357/8352/8363/8359/3159/3007/653604",55
"GO:0000280","nuclear division","138/3310","406/16481",0.339901477832512,1.69242182965487,7.08176486605752,2.24793421008752e-11,7.64719119094148e-09,7.64719119094148e-09,"79173/84501/245711/7283/24137/84072/79703/54908/63979/54514/9088/56159/3835/995/197342/9212/84722/25788/25879/91646/283129/2177/9928/22974/136991/81626/644186/10388/4751/54627/3834/81620/151246/4603/138474/9232/10635/81930/1950/57405/158401/140801/57082/9918/2069/64105/150280/1761/388553/675/146956/8438/285643/284071/83990/699/54892/11077/400629/166863/10403/3833/83540/4439/9493/11065/285498/346673/79866/2491/100130958/11022/84944/1111/7153/147841/9787/9633/891/151648/27338/146909/1058/317761/55055/676/9700/10734/23397/29127/54443/3619/220134/26151/348654/7039/5888/1062/221150/1104/92421/10609/11200/332/64793/90417/83903/9055/5347/11004/26255/254528/56992/64151/54456/9585/4288/1063/11130/983/157313/55143/4085/7272/3832/9319/286151/29128/9735/991/84057/347688/10615/701/126549/56154/6790/56979",138
"GO:0045109","intermediate filament organization","36/3310","61/16481",0.590163934426229,2.93851716111139,7.60380930732736,2.79849290900858e-11,8.9601158257257e-09,8.9601158257257e-09,"8687/9119/4744/3868/390792/3861/196374/3882/9118/192666/54474/5317/4747/3872/3880/5318/3854/2670/3887/8419/144501/3859/286887/3866/3892/3885/3889/3853/25984/3857/1832/3881/8689/125115/3850/3884",36
"GO:0009593","detection of chemical stimulus","61/3310","142/16481",0.429577464788732,2.13893238585592,6.83301861572812,4.28848662317445e-10,1.29679070499659e-07,1.29679070499659e-07,"5726/26539/81285/8989/26534/50831/6857/341152/26219/3929/26212/1258/259296/130075/1469/23538/390445/563/387815/810/1470/8590/259293/347168/144125/444/338755/27094/283159/79339/390064/392309/765/7932/442197/50838/259295/390083/341276/158131/81406/390059/390037/121275/259289/390441/81193/143503/219432/4025/282763/846/338396/2779/83756/390077/390275/259292/1472/26659/4992",61
"GO:0006959","humoral immune response","94/3310","257/16481",0.365758754863813,1.82116919604547,6.65125300501125,4.93266560273664e-10,1.4130788881945e-07,1.4130788881945e-07,"57817/8340/2147/326/8341/8970/51297/27242/4922/6363/733/11005/10878/1672/28912/140686/3605/114771/7784/8346/6278/8349/56477/10406/6364/8342/5645/3495/725/26525/55061/3503/8347/4057/85236/338376/3018/1380/81494/4879/10407/3017/629/280664/7018/8339/164237/9547/440689/10877/6280/84659/4283/3273/56832/931/2244/3827/259239/8343/3502/10563/3456/796/1673/3501/5646/2243/1670/2597/3507/5450/2821/3494/6700/10344/57115/3493/3853/6372/8344/6346/3497/8345/6370/5967/81623/337874/8348/3458/3500/5266/54145/6354",94
"GO:0051606","detection of stimulus","98/3310","273/16481",0.358974358974359,1.787388643582,6.57641152748709,6.87157874885406e-10,1.87010015650063e-07,1.87010015650063e-07,"5726/26539/2898/81285/5475/2191/8989/3776/222662/4923/26534/50831/3673/6857/341152/114771/6785/26219/59335/346007/1301/6011/54112/3929/26212/114780/3249/10886/1258/259296/130075/1469/23538/390445/563/387815/810/1470/8590/134/259293/347168/144125/444/338755/7287/27094/8914/25769/283159/79339/390064/24/392309/765/7932/442197/50838/259295/390083/94233/341276/158131/1000/81406/7442/9293/390059/57115/117531/390037/121275/259289/390441/81193/255061/143503/6121/219432/4025/282763/846/338396/346562/23596/2779/5058/83756/390077/2047/390275/259292/1472/54825/26659/92840/4992/5132",98
"GO:0045132","meiotic chromosome segregation","35/3310","66/16481",0.53030303030303,2.64046049620068,6.69422840961726,2.84370290866373e-09,7.37060711040796e-07,7.37060711040796e-07,"84072/56159/25879/283129/2177/644186/10388/151246/9232/158401/57082/150280/284071/10403/83540/4439/285498/100130958/151648/317761/9700/10734/23397/220134/221150/10609/26255/254528/11130/7272/9319/84057/347688/56154/56979",35
"GO:0050911","detection of chemical stimulus involved in sensory perception of smell","37/3310","72/16481",0.513888888888889,2.55873195703256,6.64476851242162,3.18316384147658e-09,7.62611945673224e-07,7.62611945673224e-07,"26539/81285/26534/341152/26219/26212/1258/130075/23538/390445/387815/8590/347168/144125/338755/283159/79339/390064/392309/7932/442197/390083/341276/158131/81406/390059/390037/121275/390441/81193/143503/219432/282763/390077/390275/26659/4992",37
"GO:0048285","organelle fission","143/3310","453/16481",0.315673289183223,1.57178594532589,6.18623104163744,3.22250133207499e-09,7.62611945673224e-07,7.62611945673224e-07,"79173/84501/245711/7283/24137/84072/79703/54908/63979/54514/9088/56159/3835/995/197342/9212/84722/25788/25879/91646/283129/2177/9928/22974/136991/81626/644186/10388/4751/54627/3834/81620/151246/4603/138474/9232/10635/81930/1950/57405/158401/140801/57082/9918/2069/64105/150280/1761/388553/675/146956/8438/285643/284071/83990/699/54892/11077/400629/166863/51537/10403/3833/83540/4439/9493/11065/285498/346673/79866/2491/100130958/113115/11022/84944/1111/7153/147841/9787/9633/891/151648/27338/146909/1058/317761/55055/676/9700/10734/23397/29127/54443/3619/220134/26151/348654/7039/5888/1062/221150/1104/92421/10609/11200/332/64793/90417/664/83903/9055/5347/11004/26255/254528/56992/64151/9650/54456/9585/4288/1063/11130/983/157313/55143/4085/80179/7272/3832/9319/286151/29128/9735/991/84057/347688/10615/701/126549/56154/6790/56979",143
"GO:0002227","innate immune response in mucosa","22/3310","32/16481",0.6875,3.42316842900302,6.8781567120557,3.37967728404211e-09,7.66482644043383e-07,7.66482644043383e-07,"8340/8341/8970/1672/8346/8349/8342/8347/4057/85236/3018/3017/8339/440689/337/8343/9075/8344/8345/337874/8348/54145",22
"GO:0061982","meiosis I cell cycle process","51/3310","116/16481",0.439655172413793,2.18911084487967,6.44282826740021,4.34620978286348e-09,9.46256793925037e-07,9.46256793925037e-07,"79173/84072/79703/54514/9088/56159/995/197342/25788/283129/2177/644186/10388/151246/4603/9232/10635/158401/140801/57082/150280/675/146956/8438/284071/83990/11077/400629/10403/993/4439/285498/100130958/7153/151648/317761/676/10734/5888/10609/283677/26255/254528/54456/11130/9319/991/84057/126549/56154/56979",51
"GO:0045104","intermediate filament cytoskeleton organization","38/3310","76/16481",0.5,2.48957703927492,6.52476499040914,5.30440219619434e-09,1.11045619822638e-06,1.11045619822638e-06,"8687/9119/4744/3868/390792/286077/3875/3861/196374/3882/9118/192666/54474/5317/4747/3872/3880/5318/3854/2670/3887/8419/144501/3859/286887/3866/3892/3885/3889/3853/25984/3857/1832/3881/8689/125115/3850/3884",38
"GO:0045103","intermediate filament-based process","38/3310","77/16481",0.493506493506494,2.45724486993369,6.42519396962874,8.45317712990322e-09,1.7040978932616e-06,1.7040978932616e-06,"8687/9119/4744/3868/390792/286077/3875/3861/196374/3882/9118/192666/54474/5317/4747/3872/3880/5318/3854/2670/3887/8419/144501/3859/286887/3866/3892/3885/3889/3853/25984/3857/1832/3881/8689/125115/3850/3884",38
"GO:0061844","antimicrobial humoral immune response mediated by antimicrobial peptide","53/3310","125/16481",0.424,2.11116132930514,6.25139296826491,1.01755133718547e-08,1.97804711725019e-06,1.97804711725019e-06,"57817/8340/2147/8341/8970/51297/4922/6363/11005/1672/3605/114771/8346/6278/8349/56477/6364/8342/8347/4057/85236/3018/4879/10407/3017/8339/9547/440689/6280/84659/4283/3273/3827/8343/10563/796/1673/1670/2597/10344/57115/3853/6372/8344/6346/8345/6370/5967/81623/337874/8348/54145/6354",53
"GO:0008544","epidermis development","88/3310","249/16481",0.353413654618474,1.75970103980878,6.0553549159193,1.18995172027764e-08,2.23341628050732e-06,2.23341628050732e-06,"10481/6704/1364/6705/9119/340654/6424/1594/406911/11005/59344/11187/3868/3605/57822/6768/6662/51806/6278/3861/196374/1001/54888/1382/2069/84518/3882/23581/1294/8399/29841/9333/161497/6699/54845/5017/5317/6707/4831/204219/6703/51384/344167/3872/3914/5744/51599/3854/8626/3887/3713/1747/26154/144501/80326/79755/1308/286887/79152/3866/3892/1823/8644/5308/84283/375791/60529/3885/3889/3853/3857/1832/3881/6698/23596/43847/55612/124842/8689/10083/2304/3850/2709/51083/643414/5266/2118/728361",88
"GO:0007127","meiosis I","46/3310","104/16481",0.442307692307692,2.20231815012782,6.16598017545718,1.95647216704071e-08,3.54969266840086e-06,3.54969266840086e-06,"79173/84072/79703/54514/56159/197342/25788/283129/2177/644186/10388/151246/4603/9232/10635/158401/140801/57082/150280/675/146956/8438/284071/83990/11077/400629/10403/4439/285498/100130958/7153/151648/317761/676/10734/5888/10609/26255/254528/54456/11130/9319/84057/126549/56154/56979",46
"GO:0007608","sensory perception of smell","42/3310","93/16481",0.451612903225806,2.24865022902251,6.05344392127379,3.84794830383298e-08,6.75625245734288e-06,6.75625245734288e-06,"26539/81285/26534/341152/338440/29991/26219/26212/1258/130075/23538/390445/387815/8590/347168/144125/338755/283159/29989/100507003/79339/390064/392309/7932/442197/390083/341276/158131/81406/390059/390037/121275/390441/81193/143503/219432/282763/4975/390077/390275/26659/4992",42
"GO:0043588","skin development","73/3310","200/16481",0.365,1.81739123867069,5.83025652576416,4.57761904243583e-08,7.7862438899932e-06,7.7862438899932e-06,"6704/1364/6705/9119/340654/1594/406911/11005/3673/59344/11187/3868/3605/57822/6768/6662/1290/6278/3861/196374/1001/54888/2069/84518/23581/8399/1289/6699/5317/6707/4831/204219/6703/51384/344167/3872/51599/3691/3854/8626/3887/1277/3713/1747/26154/144501/80326/286887/79152/3892/1823/8644/84283/375791/60529/3889/3853/3857/1832/6698/23596/55612/8689/1278/2304/3850/10058/1281/51083/643414/5266/2118/728361",73
"GO:0007586","digestion","49/3310","117/16481",0.418803418803419,2.08528675084566,5.90576174518339,5.8012436894522e-08,9.56853618232979e-06,9.56853618232979e-06,"57817/7429/4986/4880/56624/27347/65010/1056/3605/6718/6662/90226/114131/4585/7032/387129/64241/362/5644/7031/5645/340204/4583/1582/57482/10874/56667/4588/6476/6518/7033/5646/340547/4760/9075/389383/5020/4192/150/65267/56287/64081/6750/1646/55765/8856/1645/29881/1208",49
"GO:0045143","homologous chromosome segregation","26/3310","47/16481",0.553191489361702,2.75442566047438,6.03803302559878,9.96945944247905e-08,1.59599316898275e-05,1.59599316898275e-05,"84072/56159/283129/2177/644186/10388/151246/9232/158401/57082/150280/284071/4439/285498/100130958/151648/317761/10734/10609/26255/254528/11130/9319/84057/56154/56979",26
"GO:0001501","skeletal system development","106/3310","329/16481",0.322188449848024,1.60422593412244,5.54967286306524,1.11031526416571e-07,1.72669885224399e-05,1.72669885224399e-05,"1298/7020/176/3233/4880/6424/8091/1310/4323/353500/340267/579/656/197/1302/1745/1833/6662/6474/3205/10736/3239/7547/25987/6664/3292/26254/7480/5026/6694/25884/1301/1116/632/4057/1748/1462/1289/3221/3213/6715/285973/1311/2019/387733/85477/389084/116039/4017/3227/8646/2648/1463/5741/9350/5744/3207/26585/4488/3623/3209/8840/3975/645811/1277/10143/3198/1747/7076/265/81792/63827/100533183/3696/2201/144347/4192/5075/4325/642658/3237/8092/5308/3219/60529/3225/1750/860/1746/415/1749/5307/10683/4322/1278/11061/7291/145864/1280/56914/23213/1281/56955/3232/1300/6495",106
"GO:0045653","negative regulation of megakaryocyte differentiation","14/3310","18/16481",0.777777777777778,3.87267539442766,6.11295985437922,2.27685885511095e-07,3.44248409676914e-05,3.44248409676914e-05,"8361/8368/8366/121504/8294/8360/8367/8365/8370/8364/8362/554313/8363/8359",14
"GO:0031424","keratinization","25/3310","47/16481",0.531914893617021,2.6484862119946,5.6734317187177,4.81438643047835e-07,7.08235279489018e-05,7.08235279489018e-05,"6704/6705/9119/340654/3868/196374/1001/84518/23581/6699/6707/204219/6703/3854/3887/3713/144501/286887/3892/3889/3853/6698/3850/643414/5266",25
"GO:0050909","sensory perception of taste","26/3310","50/16481",0.52,2.58916012084592,5.64162075251222,5.11591313951197e-07,7.32787242588517e-05,7.32787242588517e-05,"5726/119395/50831/259294/259296/1469/563/51764/1470/259293/765/50838/259295/259289/41/338398/4025/3933/338396/346562/2779/83756/259292/1472/6339/259291",26
"GO:0098813","nuclear chromosome segregation","98/3310","307/16481",0.319218241042345,1.5894368068335,5.2261388677791,5.34682650260062e-07,7.46225042401415e-05,7.46225042401415e-05,"7283/24137/84072/54908/56159/3835/990/9212/84722/1894/25879/283129/2177/9928/22974/644186/10388/4751/54627/3834/81620/151246/9232/81930/57405/158401/57082/9918/64105/150280/285643/284071/699/54892/10403/3833/83540/4439/9493/11065/285498/2491/100130958/7153/147841/9787/891/151648/146909/1058/317761/55055/9700/10734/23397/116028/29127/8193/81610/3619/220134/26151/348654/1062/221150/1104/92421/10609/11200/332/90417/83903/9055/5347/10460/11004/26255/254528/56992/64151/1063/11130/983/55143/4085/7272/3832/79980/9319/29128/9735/991/84057/347688/10615/701/56154/56979",98
"GO:0007140","male meiotic nuclear division","22/3310","39/16481",0.564102564102564,2.80875358277171,5.66914560756014,6.11589710711211e-07,8.3222069885028e-05,8.3222069885028e-05,"245711/63979/54514/56159/91646/136991/81626/4603/138474/140801/675/284071/11077/400629/166863/11022/84944/9633/676/254528/54456/56154",22
"GO:0051256","mitotic spindle midzone assembly","10/3310","11/16481",0.909090909090909,4.52650370777259,5.86512285364808,9.50151741169771e-07,0.000126138437248465,0.000126138437248465,"24137/9212/54627/285643/9493/29127/3619/332/9055/55143",10
"GO:0051231","spindle elongation","11/3310","13/16481",0.846153846153846,4.21313037415756,5.80982191304162,1.10040069650873e-06,0.00013942129226952,0.00013942129226952,"24137/9212/54627/285643/9493/29127/3619/332/9055/55143/3832",11
"GO:0044786","cell cycle DNA replication","22/3310","40/16481",0.55,2.73853474320242,5.51864529072009,1.10143589336567e-06,0.00013942129226952,0.00013942129226952,"5111/79915/29980/9837/51750/80174/81620/7083/8318/675/51053/4175/79733/10926/641/8317/5888/144455/1763/2237/4173/4171",22
"GO:0007292","female gamete generation","42/3310","104/16481",0.403846153846154,2.01081222402975,5.18385930863192,1.60018250048776e-06,0.000197949848867156,0.000197949848867156,"668/79173/84501/163589/54937/4880/84072/51087/25879/94027/7784/78995/84515/2069/388553/284071/11077/166863/10403/402381/346673/11022/1082/7153/891/317761/268/23397/220134/221150/4192/56165/340719/283677/254528/646799/80336/10017/9319/3625/347688/56979",42
"GO:0051783","regulation of nuclear division","50/3310","132/16481",0.378787878787879,1.88604321157191,5.12365049336733,1.66146600282653e-06,0.000200963543408551,0.000200963543408551,"84072/54908/9088/995/9212/4751/10635/1950/57405/57082/2069/150280/1761/388553/699/10403/83540/11065/346673/79866/1111/147841/9787/891/55055/9700/3619/220134/348654/7039/221150/1104/332/83903/5347/9585/4288/1063/11130/157313/55143/4085/7272/9319/286151/9735/991/701/6790/56979",50
"GO:0002385","mucosal immune response","24/3310","47/16481",0.51063829787234,2.54254676351482,5.30883041183663,2.14182675048135e-06,0.000253433978323261,0.000253433978323261,"8340/8341/8970/1672/2813/8346/8349/8342/8347/4057/85236/3018/3017/8339/440689/337/8343/9075/8344/8345/337874/8348/282616/54145",24
"GO:0035825","homologous recombination","31/3310","69/16481",0.449275362318841,2.23701125268182,5.16179398486908,2.59611416073712e-06,0.000283820463778408,0.000283820463778408,"79173/79703/63979/56159/197342/25788/2177/644186/10388/10635/158401/146956/8438/83990/11077/400629/83933/4439/285498/580/7153/672/317761/5888/254528/55732/9319/29128/84057/126549/56979",31
"GO:0051784","negative regulation of nuclear division","31/3310","69/16481",0.449275362318841,2.23701125268182,5.16179398486908,2.59611416073712e-06,0.000283820463778408,0.000283820463778408,"84072/54908/9212/57405/57082/150280/1761/699/10403/83540/1111/147841/891/55055/3619/220134/348654/221150/332/83903/5347/1063/11130/55143/4085/7272/9319/286151/9735/991/701",31
"GO:0007130","synaptonemal complex assembly","13/3310","18/16481",0.722222222222222,3.59605572339711,5.52432218678148,2.60720617103075e-06,0.000283820463778408,0.000283820463778408,"84072/56159/644186/10388/158401/150280/284071/100130958/317761/10734/10609/9319/56154",13
"GO:0070193","synaptonemal complex organization","13/3310","18/16481",0.722222222222222,3.59605572339711,5.52432218678148,2.60720617103075e-06,0.000283820463778408,0.000283820463778408,"84072/56159/644186/10388/158401/150280/284071/100130958/317761/10734/10609/9319/56154",13
"GO:0033260","nuclear DNA replication","20/3310","36/16481",0.555555555555556,2.76619671030547,5.31810133801345,2.75402082148182e-06,0.000293924222182854,0.000293924222182854,"5111/79915/29980/9837/51750/80174/81620/7083/8318/675/51053/4175/10926/641/8317/5888/1763/2237/4173/4171",20
"GO:0048705","skeletal system morphogenesis","41/3310","104/16481",0.394230769230769,1.96293574250523,4.93832909192561,4.37140713127095e-06,0.000457568634913611,0.000457568634913611,"7020/3233/4880/6424/340267/1302/6662/3205/25987/6664/1301/4057/1289/3221/3213/285973/387733/116039/3227/9350/3207/26585/4488/3975/3198/100533183/2201/144347/642658/3237/8092/3219/3225/1749/4322/7291/1280/56914/1281/3232/6495",41
"GO:0000022","mitotic spindle elongation","10/3310","12/16481",0.833333333333333,4.14929506545821,5.47083462151522,4.66442680192821e-06,0.000479027831752741,0.000479027831752741,"24137/9212/54627/285643/9493/29127/3619/332/9055/55143",10
"GO:0007129","homologous chromosome pairing at meiosis","20/3310","37/16481",0.540540540540541,2.69143463705397,5.16339765833692,4.86341214625193e-06,0.000490213931704616,0.000490213931704616,"84072/56159/283129/2177/644186/10388/158401/150280/284071/4439/285498/100130958/317761/10734/10609/254528/9319/84057/56154/56979",20
"GO:0007218","neuropeptide signaling pathway","39/3310","98/16481",0.397959183673469,1.98150009248412,4.88528486393919,5.67913851517101e-06,0.000562028198874106,0.000562028198874106,"4985/4986/6866/4922/4923/4158/9427/11247/2837/387129/7349/53831/84634/4160/4935/27344/2831/4879/10886/4161/23620/283869/2834/10874/6755/2847/2861/5368/6447/10887/887/2825/10178/84539/4988/22986/51083/8484/8811",39
"GO:0042742","defense response to bacterium","82/3310","259/16481",0.316602316602317,1.57641171598876,4.68720241523735,6.23835045112203e-06,0.000606345384026022,0.000606345384026022,"57817/8340/384/2147/8341/8970/51297/1113/646627/11005/55876/1672/28912/140686/3605/114771/9636/8346/8349/10406/6364/4938/8342/3495/3503/8347/3929/4057/85236/338376/3018/10407/338879/3017/100129216/280664/7018/8339/164237/440689/6280/84659/2244/259239/8343/3502/10563/796/575/1673/3501/2243/1670/5544/2150/3507/3494/129530/6700/57115/3493/3934/3853/6372/4025/8344/3497/8345/124220/81623/56169/51561/653423/337874/1401/7425/8348/9971/3500/140683/5266/54145",82
"GO:0007094","mitotic spindle assembly checkpoint signaling","26/3310","56/16481",0.464285714285714,2.31175010789814,4.92919113418567,7.87733227739742e-06,0.000726717281116511,0.000726717281116511,"54908/9212/57405/57082/699/10403/83540/147841/891/55055/3619/220134/348654/221150/332/83903/5347/1063/11130/55143/4085/7272/9319/9735/991/701",26
"GO:0071173","spindle assembly checkpoint signaling","26/3310","56/16481",0.464285714285714,2.31175010789814,4.92919113418567,7.87733227739742e-06,0.000726717281116511,0.000726717281116511,"54908/9212/57405/57082/699/10403/83540/147841/891/55055/3619/220134/348654/221150/332/83903/5347/1063/11130/55143/4085/7272/9319/9735/991/701",26
"GO:0071174","mitotic spindle checkpoint signaling","26/3310","56/16481",0.464285714285714,2.31175010789814,4.92919113418567,7.87733227739742e-06,0.000726717281116511,0.000726717281116511,"54908/9212/57405/57082/699/10403/83540/147841/891/55055/3619/220134/348654/221150/332/83903/5347/1063/11130/55143/4085/7272/9319/9735/991/701",26
"GO:0002251","organ or tissue specific immune response","24/3310","50/16481",0.48,2.38999395770393,4.93456804936359,8.58726329718599e-06,0.000779007902109722,0.000779007902109722,"8340/8341/8970/1672/2813/8346/8349/8342/8347/4057/85236/3018/3017/8339/440689/337/8343/9075/8344/8345/337874/8348/282616/54145",24
"GO:0070192","chromosome organization involved in meiotic cell cycle","22/3310","44/16481",0.5,2.48957703927492,4.95976678349585,8.82916441594349e-06,0.00078782199862263,0.00078782199862263,"84072/56159/283129/2177/644186/10388/158401/9918/150280/284071/4439/285498/100130958/317761/10734/5888/10609/254528/9319/84057/56154/56979",22
"GO:0048706","embryonic skeletal system development","28/3310","63/16481",0.444444444444444,2.21295736824438,4.83547243343024,1.00979422414985e-05,0.00088650160678188,0.00088650160678188,"7020/3233/1745/3205/6664/1748/3221/3213/116039/3227/3207/3975/1277/3198/1747/642658/3237/8092/3219/3225/1750/1746/1749/7291/1280/23213/3232/6495",28
"GO:0050913","sensory perception of bitter taste","17/3310","30/16481",0.566666666666667,2.82152064451158,5.00589573426058,1.08660328459596e-05,0.000927433661740567,0.000927433661740567,"5726/50831/259296/1469/563/1470/259293/765/50838/259295/259289/338398/4025/338396/2779/259292/1472",17
"GO:0007088","regulation of mitotic nuclear division","44/3310","118/16481",0.372881355932203,1.85663372420503,4.68153130671649,1.09049704852832e-05,0.000927433661740567,0.000927433661740567,"54908/9088/995/9212/4751/1950/57405/57082/2069/1761/699/10403/83540/11065/79866/1111/147841/9787/891/55055/9700/3619/220134/348654/7039/221150/1104/332/83903/5347/9585/4288/1063/11130/157313/55143/4085/7272/9319/286151/9735/991/701/6790",44
"GO:0031577","spindle checkpoint signaling","26/3310","57/16481",0.456140350877193,2.27119308846133,4.81939705874945,1.17308334706939e-05,0.000982321947399798,0.000982321947399798,"54908/9212/57405/57082/699/10403/83540/147841/891/55055/3619/220134/348654/221150/332/83903/5347/1063/11130/55143/4085/7272/9319/9735/991/701",26
"GO:0030277","maintenance of gastrointestinal epithelium","15/3310","25/16481",0.6,2.98749244712991,4.98536060613073,1.40543575807696e-05,0.00115905861078983,0.00115905861078983,"3605/6662/4585/7032/7031/4583/57482/56667/4588/7033/340547/4760/64081/55765/8856",15
"GO:0007059","chromosome segregation","118/3310","411/16481",0.287104622871046,1.42953815393889,4.42077024588307,1.44370487291396e-05,0.00117284860048816,0.00117284860048816,"6491/7283/24137/84072/54908/56159/55839/3835/990/9212/84722/1894/25879/283129/2177/9928/22974/644186/64946/10388/4751/54627/3834/81620/151246/9232/387103/81930/57405/158401/79019/57082/9918/91687/10636/64105/150280/79682/285643/284071/699/54892/10403/3833/83540/4439/9493/11065/285498/29899/2491/100130958/642636/7153/672/147841/9787/891/151648/146909/1058/317761/55055/9700/10734/23397/116028/29127/8193/81610/3619/220134/26151/348654/1062/221150/1104/92421/10609/11200/332/64793/90417/6732/83903/9055/5347/10460/11004/26255/254528/56992/64151/4288/55355/100533997/1063/11130/983/157313/55143/163786/4085/7272/3832/55732/79980/9319/29128/9735/991/84057/347688/10615/79172/701/56154/56979",118
"GO:0060078","regulation of postsynaptic membrane potential","48/3310","134/16481",0.358208955223881,1.78357758037607,4.56560773253325,1.55886217004768e-05,0.00124777746934846,0.00124777746934846,"1141/2898/1143/4923/22999/2567/6857/2560/6000/8001/2902/869/1134/6785/2903/2906/8973/4233/2893/5026/2558/2905/9699/3751/6804/134/55584/2901/2891/1146/642938/5368/1144/1138/1140/7442/6543/348980/9177/2556/2563/5024/6512/3775/2566/2570/3359/23542",48
"GO:0051255","spindle midzone assembly","10/3310","13/16481",0.769230769230769,3.83011852196142,5.11727900543327,1.65445138199932e-05,0.0012498874849944,0.0012498874849944,"24137/9212/54627/285643/9493/29127/3619/332/9055/55143",10
"GO:0022600","digestive system process","35/3310","88/16481",0.397727272727273,1.98034537215051,4.62247366256392,1.70804737653153e-05,0.0012498874849944,0.0012498874849944,"57817/7429/4986/4880/27347/65010/1056/3605/6662/4585/7032/387129/64241/362/7031/4583/1582/57482/10874/56667/4588/6518/7033/340547/4760/9075/5020/4192/150/65267/64081/55765/8856/1645/29881",35
"GO:0001580","detection of chemical stimulus involved in sensory perception of bitter taste","16/3310","28/16481",0.571428571428571,2.84523090202849,4.89880792361871,1.71512670838243e-05,0.0012498874849944,0.0012498874849944,"5726/50831/259296/1469/563/1470/259293/765/50838/259295/259289/4025/338396/2779/259292/1472",16
"GO:0033046","negative regulation of sister chromatid segregation","26/3310","58/16481",0.448275862068966,2.23203458693614,4.7118762513207,1.72224070135182e-05,0.0012498874849944,0.0012498874849944,"54908/9212/57405/57082/699/10403/83540/147841/891/55055/3619/220134/348654/221150/332/83903/5347/1063/11130/55143/4085/7272/9319/9735/991/701",26
"GO:0033048","negative regulation of mitotic sister chromatid segregation","26/3310","58/16481",0.448275862068966,2.23203458693614,4.7118762513207,1.72224070135182e-05,0.0012498874849944,0.0012498874849944,"54908/9212/57405/57082/699/10403/83540/147841/891/55055/3619/220134/348654/221150/332/83903/5347/1063/11130/55143/4085/7272/9319/9735/991/701",26
"GO:0045841","negative regulation of mitotic metaphase/anaphase transition","26/3310","58/16481",0.448275862068966,2.23203458693614,4.7118762513207,1.72224070135182e-05,0.0012498874849944,0.0012498874849944,"54908/9212/57405/57082/699/10403/83540/147841/891/55055/3619/220134/348654/221150/332/83903/5347/1063/11130/55143/4085/7272/9319/9735/991/701",26
"GO:2000816","negative regulation of mitotic sister chromatid separation","26/3310","58/16481",0.448275862068966,2.23203458693614,4.7118762513207,1.72224070135182e-05,0.0012498874849944,0.0012498874849944,"54908/9212/57405/57082/699/10403/83540/147841/891/55055/3619/220134/348654/221150/332/83903/5347/1063/11130/55143/4085/7272/9319/9735/991/701",26
"GO:0008608","attachment of spindle microtubules to kinetochore","25/3310","55/16481",0.454545454545455,2.26325185388629,4.7042306311518,1.85432730802715e-05,0.00132803993915681,0.00132803993915681,"9212/1894/4751/81620/57405/57082/10403/83540/147841/891/151648/55055/29127/3619/220134/1062/221150/332/90417/11004/983/55143/79980/9735/10615",25
"GO:0030216","keratinocyte differentiation","42/3310","114/16481",0.368421052631579,1.83442518683416,4.48165596500471,2.397464122372e-05,0.00169472691143776,0.00169472691143776,"6704/6705/9119/340654/1594/406911/3868/3605/6768/6278/3861/196374/1001/2069/84518/23581/6699/5317/6707/4831/204219/6703/51384/3854/3887/3713/26154/144501/286887/3892/8644/3889/3853/1832/6698/23596/8689/3850/643414/5266/2118/728361",42
"GO:0048562","embryonic organ morphogenesis","52/3310","151/16481",0.344370860927152,1.71467557671915,4.4227006762779,2.48732164219415e-05,0.00169714405963094,0.00169714405963094,"668/7020/6491/3233/4237/7054/145258/5818/6662/3205/10736/7547/6664/125488/3249/3221/3213/64220/161497/53904/116039/6496/3227/51384/3207/2048/140469/3975/1482/3198/121643/4760/221908/7545/2201/3237/8092/3219/5629/3225/55897/8928/57057/10083/7291/1280/2304/388591/3232/9096/2626/6495",52
"GO:1902100","negative regulation of metaphase/anaphase transition of cell cycle","26/3310","59/16481",0.440677966101695,2.19420349224231,4.60653679517421,2.49442448595398e-05,0.00169714405963094,0.00169714405963094,"54908/9212/57405/57082/699/10403/83540/147841/891/55055/3619/220134/348654/221150/332/83903/5347/1063/11130/55143/4085/7272/9319/9735/991/701",26
"GO:1905819","negative regulation of chromosome separation","26/3310","59/16481",0.440677966101695,2.19420349224231,4.60653679517421,2.49442448595398e-05,0.00169714405963094,0.00169714405963094,"54908/9212/57405/57082/699/10403/83540/147841/891/55055/3619/220134/348654/221150/332/83903/5347/1063/11130/55143/4085/7272/9319/9735/991/701",26
"GO:0010965","regulation of mitotic sister chromatid separation","29/3310","69/16481",0.420289855072464,2.09268794605718,4.55956245755162,2.6072383378419e-05,0.0017519997867745,0.0017519997867745,"54908/9212/57405/57082/699/10403/83540/11065/147841/9787/891/55055/9700/3619/220134/348654/221150/332/83903/5347/1063/11130/55143/4085/7272/9319/9735/991/701",29
"GO:1902969","mitotic DNA replication","11/3310","16/16481",0.6875,3.42316842900302,4.86122756126094,3.36362790958998e-05,0.00223271057462174,0.00223271057462174,"5111/9837/81620/7083/8318/675/51053/4175/5888/4173/4171",11
"GO:0051985","negative regulation of chromosome segregation","26/3310","60/16481",0.433333333333333,2.15763343403827,4.50329203615476,3.56642990759795e-05,0.00233880457675369,0.00233880457675369,"54908/9212/57405/57082/699/10403/83540/147841/891/55055/3619/220134/348654/221150/332/83903/5347/1063/11130/55143/4085/7272/9319/9735/991/701",26
"GO:0002449","lymphocyte mediated immunity","94/3310","320/16481",0.29375,1.46262651057402,4.18942688972147,4.03244111002428e-05,0.00261292582879311,0.00261292582879311,"28468/326/102723170/28426/28452/28408/733/102723169/3543/55876/619207/28442/7784/28466/50943/28445/28414/100423062/28467/28394/28444/57289/3495/725/28409/55061/387836/3503/81607/28447/28395/1380/939/28450/28834/28458/28410/3805/154064/28424/28449/563/28392/28457/3538/6318/28385/28412/28448/28400/100431172/28429/259307/909/3822/930/102723168/3502/3456/10538/116449/28464/3501/28401/28432/7292/970/3494/28423/28388/3902/3514/28473/3493/7186/28461/3539/3542/28439/59067/3497/634/51561/28343/28434/28378/28391/201633/3329/3500/28455/28420/57823/28454",94
"GO:0007143","female meiotic nuclear division","14/3310","24/16481",0.583333333333333,2.90450654582075,4.68054022169142,4.25962416028353e-05,0.00269594584935154,0.00269594584935154,"79173/84501/25879/2069/284071/11077/166863/10403/7153/23397/220134/221150/254528/347688",14
"GO:0048663","neuron fate commitment","14/3310","24/16481",0.583333333333333,2.90450654582075,4.68054022169142,4.25962416028353e-05,0.00269594584935154,0.00269594584935154,"220202/5457/64843/59335/5454/3110/5080/100170841/54845/121643/474/429/10716/3670",14
"GO:1905818","regulation of chromosome separation","32/3310","81/16481",0.395061728395062,1.96707321621722,4.37384276410477,4.51962419733197e-05,0.00279730460490291,0.00279730460490291,"54908/9212/57405/57082/699/54892/10403/83540/11065/147841/9787/891/55055/9700/23397/3619/220134/348654/221150/332/83903/5347/64151/1063/11130/55143/4085/7272/9319/9735/991/701",32
"GO:0045839","negative regulation of mitotic nuclear division","27/3310","64/16481",0.421875,2.10058062688822,4.42229976067042,4.52255750930472e-05,0.00279730460490291,0.00279730460490291,"54908/9212/57405/57082/699/10403/83540/1111/147841/891/55055/3619/220134/348654/221150/332/83903/5347/1063/11130/55143/4085/7272/9319/9735/991/701",27
"GO:0051306","mitotic sister chromatid separation","29/3310","71/16481",0.408450704225352,2.03373898983022,4.37591630046797,4.93268506354717e-05,0.00301669716863901,0.00301669716863901,"54908/9212/57405/57082/699/10403/83540/11065/147841/9787/891/55055/9700/3619/220134/348654/221150/332/83903/5347/1063/11130/55143/4085/7272/9319/9735/991/701",29
"GO:0007093","mitotic cell cycle checkpoint signaling","48/3310","140/16481",0.342857142857143,1.70713854121709,4.21223349069749,5.68258364890651e-05,0.0034047701848837,0.0034047701848837,"54908/197342/990/9212/2177/29980/57405/57082/146956/699/10403/83540/580/1111/63967/672/147841/8914/891/55055/4998/84446/90381/10926/641/3619/220134/8317/348654/221150/92421/11200/51514/332/83903/5347/80279/1063/11130/5591/983/55143/4085/7272/9319/9735/991/701",48
"GO:0050912","detection of chemical stimulus involved in sensory perception of taste","17/3310","33/16481",0.515151515151515,2.5650187677378,4.51131546157093,5.69234037891634e-05,0.0034047701848837,0.0034047701848837,"5726/50831/259296/1469/563/1470/259293/765/50838/259295/259289/4025/338396/2779/83756/259292/1472",17
"GO:0010669","epithelial structure maintenance","18/3310","36/16481",0.5,2.48957703927492,4.48518650239814,5.77517833683479e-05,0.00341677127036867,0.00341677127036867,"11187/3605/6662/4585/7032/7031/4583/57482/56667/4588/51599/7033/340547/4760/64081/55765/8856/23513",18
"GO:0033047","regulation of mitotic sister chromatid segregation","27/3310","65/16481",0.415384615384615,2.06826400185917,4.32598317661845,6.26724295155635e-05,0.00366802186938938,0.00366802186938938,"54908/9212/57405/57082/699/10403/83540/147841/891/55055/3619/220134/348654/221150/332/83903/5347/1063/11130/983/55143/4085/7272/9319/9735/991/701",27
"GO:0000727","double-strand break repair via break-induced replication","9/3310","12/16481",0.75,3.73436555891239,4.75003499406944,6.39353002040826e-05,0.00370212594692364,0.00370212594692364,"8318/4176/157777/4175/51659/8317/84296/4173/4171",9
"GO:0009913","epidermal cell differentiation","52/3310","156/16481",0.333333333333333,1.65971802618328,4.15027888488938,6.68947865079897e-05,0.00378228842997145,0.00378228842997145,"6704/6705/9119/340654/6424/1594/406911/11005/3868/3605/6768/6278/3861/196374/1001/2069/84518/23581/161497/6699/54845/5017/5317/6707/4831/204219/6703/51384/344167/3854/3887/3713/1747/26154/144501/286887/3892/8644/5308/3889/3853/1832/6698/23596/124842/8689/10083/3850/643414/5266/2118/728361",52
"GO:0042303","molting cycle","23/3310","52/16481",0.442307692307692,2.20231815012782,4.35310092217581,6.7404368492969e-05,0.00378228842997145,0.00378228842997145,"7015/11005/79574/11187/3868/162514/6662/3861/25987/1001/54888/8399/344167/3872/1747/80326/1823/60529/3889/55612/2304/51083/3884",23
"GO:0042633","hair cycle","23/3310","52/16481",0.442307692307692,2.20231815012782,4.35310092217581,6.7404368492969e-05,0.00378228842997145,0.00378228842997145,"7015/11005/79574/11187/3868/162514/6662/3861/25987/1001/54888/8399/344167/3872/1747/80326/1823/60529/3889/55612/2304/51083/3884",23
"GO:0000075","cell cycle checkpoint signaling","61/3310","191/16481",0.319371727748691,1.59020104079341,4.11281654734063,6.8845884756228e-05,0.00382375664008315,0.00382375664008315,"84072/54908/197342/990/9212/2177/29980/81620/57405/8318/54888/57082/150280/675/146956/83990/699/1869/10403/83540/3014/580/1111/79968/63967/672/147841/8914/891/55055/4998/84446/90381/10926/641/3619/220134/8317/348654/5888/221150/5984/92421/11200/51514/332/83903/5347/1763/80279/1063/11130/5591/983/55143/4085/7272/9319/9735/991/701",61
"GO:0000070","mitotic sister chromatid segregation","64/3310","203/16481",0.315270935960591,1.56978256663641,4.09486774682176,7.12768534210962e-05,0.00391878700172754,0.00391878700172754,"7283/24137/54908/3835/9212/84722/9928/22974/54627/3834/81620/81930/57405/57082/9918/64105/285643/699/54892/10403/3833/83540/9493/11065/2491/147841/9787/891/146909/1058/55055/9700/23397/29127/3619/220134/26151/348654/1062/221150/1104/92421/11200/332/90417/83903/9055/5347/11004/56992/64151/1063/11130/983/55143/4085/7272/3832/9319/29128/9735/991/10615/701",64
"GO:0015698","inorganic anion transport","50/3310","149/16481",0.335570469798658,1.67085707333888,4.12369634192665,7.54878362701996e-05,0.00410880292818696,0.00410880292818696,"142680/144453/1364/6424/8884/3776/65010/266675/2567/1187/2560/8001/338440/2564/10723/1181/5026/2558/80727/50636/6568/1365/55879/5030/363/10861/29127/6508/2569/2556/2563/10050/200959/846/2568/1468/1180/5172/6528/57348/6509/1179/6569/6512/3775/2566/54102/2570/9213/83959",50
"GO:0009566","fertilization","42/3310","119/16481",0.352941176470588,1.75734849831171,4.1565621718009,7.63137304263e-05,0.00411263004663714,0.00411263004663714,"124912/153218/149095/22999/91646/131375/26998/203102/7784/84691/79400/2515/126206/5016/5104/124626/338879/8399/11022/22917/4486/1047/5327/127579/7455/57113/284680/83639/55231/54742/254528/8749/43847/171169/983/81623/83416/148281/226/89869/5047/56979",42
"GO:0007131","reciprocal meiotic recombination","25/3310","59/16481",0.423728813559322,2.10981105023299,4.28100024141604,7.85347259378878e-05,0.00415014090563032,0.00415014090563032,"79173/79703/56159/197342/25788/2177/644186/10388/10635/158401/146956/8438/83990/11077/400629/4439/285498/7153/317761/5888/254528/9319/84057/126549/56979",25
"GO:0140527","reciprocal homologous recombination","25/3310","59/16481",0.423728813559322,2.10981105023299,4.28100024141604,7.85347259378878e-05,0.00415014090563032,0.00415014090563032,"79173/79703/56159/197342/25788/2177/644186/10388/10635/158401/146956/8438/83990/11077/400629/4439/285498/7153/317761/5888/254528/9319/84057/126549/56979",25
"GO:0048704","embryonic skeletal system morphogenesis","19/3310","40/16481",0.475,2.36509818731118,4.33324252634636,8.84161628137569e-05,0.00458332546852647,0.00458332546852647,"7020/3233/3205/6664/3221/3213/116039/3227/3207/3975/3198/3237/8092/3219/3225/7291/1280/3232/6495",19
"GO:2000242","negative regulation of reproductive process","19/3310","40/16481",0.475,2.36509818731118,4.33324252634636,8.84161628137569e-05,0.00458332546852647,0.00458332546852647,"4880/84072/153218/9088/7784/57082/126206/150280/1761/22917/2516/5327/7076/11130/23213/7272/9319/286151/5047",19
"GO:0045652","regulation of megakaryocyte differentiation","17/3310","34/16481",0.5,2.48957703927492,4.35855275903341,9.26164930005905e-05,0.00475576954153032,0.00475576954153032,"8361/8368/8366/121504/85477/8294/8360/8367/8365/8370/8364/8362/554313/8363/7066/8359/54997",17
"GO:0007338","single fertilization","37/3310","102/16481",0.362745098039216,1.80616373437593,4.09414177300787,0.00010405591162364,0.00529323670063056,0.00529323670063056,"124912/153218/149095/22999/131375/26998/203102/7784/84691/79400/2515/126206/5016/5104/124626/338879/8399/22917/4486/1047/5327/127579/7455/57113/284680/83639/55231/54742/8749/171169/983/81623/83416/148281/226/89869/5047",37
"GO:0051310","metaphase chromosome alignment","38/3310","106/16481",0.358490566037736,1.78497976400844,4.06447040100588,0.000112712912426876,0.00568052205869896,0.00568052205869896,"54908/3835/9212/84722/1894/9928/4751/81620/81930/57405/57082/284071/10403/3833/83540/147841/891/151648/1058/55055/29127/81610/3619/220134/1062/221150/92421/332/90417/11004/1063/11130/983/55143/7272/79980/9735/10615",38
"GO:0048729","tissue morphogenesis","108/3310","387/16481",0.27906976744186,1.3895313707581,3.88730976112961,0.000115132513533116,0.00574923184551145,0.00574923184551145,"8687/7020/6491/326/5979/4624/8091/4625/5457/9955/3673/3868/390792/25789/57822/55366/3371/349633/6662/6474/10736/9687/3861/7547/4233/1950/6664/3217/2297/3882/89870/7137/5314/192666/8399/1289/7139/55083/3690/54474/2139/6496/51384/3872/3880/5318/3207/8914/26585/3691/84446/3975/1482/1747/2668/121643/81792/80326/22943/80000/6862/9024/3859/4192/3866/642658/9048/6423/1823/3237/401720/5629/3885/3934/55897/8928/3853/25984/3857/1832/57057/100506013/846/3881/43847/634/89958/6299/55612/8689/145873/4321/85474/146206/5058/125115/2304/23213/183/1281/51804/23513/388591/9096/2626/3670/6495/3884",108
"GO:0007339","binding of sperm to zona pellucida","13/3310","23/16481",0.565217391304348,2.81430447918035,4.3648446119043,0.000125702006880814,0.00616392813920966,0.00616392813920966,"26998/203102/7784/2515/124626/22917/7455/83639/54742/8749/171169/226/5047",13
"GO:0051988","regulation of attachment of spindle microtubules to kinetochore","13/3310","23/16481",0.565217391304348,2.81430447918035,4.3648446119043,0.000125702006880814,0.00616392813920966,0.00616392813920966,"9212/1894/4751/891/55055/29127/3619/332/90417/983/55143/9735/10615",13
"GO:0090068","positive regulation of cell cycle process","70/3310","231/16481",0.303030303030303,1.50883456925753,3.90426368978003,0.000133089532826759,0.00643766715611467,0.00643766715611467,"6491/7015/79915/995/990/9212/1894/11187/27085/9928/6665/80174/54627/8929/10635/1950/57082/2069/1761/388553/11113/898/699/54892/10403/993/9493/11065/346673/29899/6755/9787/891/9700/8626/1663/79733/23397/10926/29127/50838/81610/3619/221908/220134/8317/348654/7039/221150/1104/144455/9134/51514/332/5347/57057/2146/2237/64151/9585/6241/983/55143/163786/4085/10733/991/10615/6790/56979",70
"GO:0043009","chordate embryonic development","69/3310","227/16481",0.303964757709251,1.51348736308343,3.90522253438231,0.000133649896865875,0.00643766715611467,0.00643766715611467,"7020/6491/3233/84072/4624/145258/57822/1745/6662/6665/3205/7784/7547/6664/3955/1748/53820/3221/3213/27023/8521/430/1045/387733/116039/7022/3227/8646/344167/672/80312/3207/79733/3975/1277/1482/1044/3198/1747/6862/642658/144455/3237/2530/8092/3219/5629/3225/1750/55897/1746/1832/1749/10016/5460/145873/27022/7291/1280/23213/10733/134701/1281/51804/23513/3232/9096/3670/6495",69
"GO:0140014","mitotic nuclear division","81/3310","276/16481",0.293478260869565,1.46127347957441,3.87410810279397,0.000137484437980691,0.00656427891165705,0.00656427891165705,"7283/24137/54908/9088/3835/995/9212/84722/9928/22974/4751/54627/3834/81620/81930/1950/57405/57082/9918/2069/64105/1761/285643/699/54892/10403/3833/83540/9493/11065/79866/2491/1111/147841/9787/891/27338/146909/1058/55055/9700/23397/29127/54443/3619/220134/26151/348654/7039/1062/221150/1104/92421/11200/332/64793/90417/83903/9055/5347/11004/56992/64151/9585/4288/1063/11130/983/157313/55143/4085/7272/3832/9319/286151/29128/9735/991/10615/701/6790",81
"GO:0010817","regulation of hormone levels","126/3310","466/16481",0.270386266094421,1.3462948796079,3.80153315526387,0.000147310153925302,0.00697225363317756,0.00697225363317756,"886/25825/4986/2784/3589/1113/100507043/8989/10720/157506/1056/54490/5122/353500/1565/4158/339761/7173/5046/441282/6718/5653/1803/114131/2641/1562/7349/1181/84634/222546/6664/91608/2297/3292/9066/3358/222183/2266/7366/389434/1109/5798/3814/9699/9227/3249/3294/1592/6715/79154/1588/7365/2798/10874/3172/6804/54575/8600/1589/127/5034/134/1733/222545/3651/57016/6755/51305/54658/2244/3972/54576/5126/10202/640/54905/79644/6566/10599/1734/3623/3350/1946/6696/2695/7036/26154/6659/6447/2243/4760/54578/53630/126/84300/54577/10815/6927/9024/150/6906/8644/29850/6121/10050/4825/846/6514/8140/1559/6528/1646/57393/1645/15/2304/183/1428/4224/51083/9971/3458/226/3625/3670/56605",126
"GO:0042391","regulation of membrane potential","110/3310","398/16481",0.276381909547739,1.37614811216202,3.80802786152829,0.000151764272914641,0.0070925264596278,0.0070925264596278,"1269/1141/4985/2898/1143/8989/3776/3746/4923/22999/2567/6857/1029/2560/6000/8001/55811/2902/114131/869/1134/5831/6785/2903/2906/8326/1181/8973/57657/3769/84634/4233/5366/2893/64208/5026/3755/10962/2558/131096/2905/3814/9699/1258/3751/6334/6804/481/134/55584/2901/7224/784/51305/5318/3754/8645/6328/27094/8838/2891/1146/1829/642938/5368/27133/26251/1144/6331/1138/1140/6508/7442/2569/6543/348980/3757/9177/2556/2563/664/8913/3785/213/1832/478/846/6329/3747/3783/138429/5024/169522/23415/610/183/6569/6512/27012/3775/3743/2566/388591/2570/9096/3359/23704/51802/23542/83959",110
"GO:0065004","protein-DNA complex assembly","58/3310","184/16481",0.315217391304348,1.56951595954289,3.89443270069729,0.00015251543621778,0.0070925264596278,0.0070925264596278,"3024/8340/8341/8970/255626/8356/8290/29028/6662/8361/81620/8346/8349/138474/8342/8368/8318/388951/8347/3018/3014/126961/8339/3008/8366/121504/8354/8350/10036/8355/8343/8294/3010/54457/55723/8353/8208/8360/3005/5888/8367/8358/8968/8365/3006/8370/3009/8344/8364/8362/554313/8345/8357/8352/8363/8359/3007/653604",58
"GO:1901605","alpha-amino acid metabolic process","59/3310","188/16481",0.313829787234043,1.56260686507681,3.88925706057817,0.000153760448693015,0.0070925264596278,0.0070925264596278,"384/27165/89839/79814/4143/51686/5723/23057/7054/635/23464/2571/1373/2729/51151/883/10841/5831/27034/29968/7299/6472/389434/5832/1800/54363/570/670/3172/5034/8942/2731/64902/259307/84706/50507/3034/1491/51540/2875/339983/23743/2653/65263/5053/4953/23475/3081/2730/6999/83884/10993/875/130013/440/9971/113451/790/102724560",59
"GO:2000241","regulation of reproductive process","44/3310","130/16481",0.338461538461538,1.68525214966303,3.93217782022159,0.00015872079842966,0.00725980929287934,0.00725980929287934,"4880/84072/6866/153218/9088/995/1672/6662/7784/79400/8756/10635/6954/57082/126206/150280/1761/388553/284071/166863/338879/8399/993/8521/346673/22917/2516/5327/7076/83639/259266/5020/55231/255061/100506013/11130/23213/7272/9319/286151/991/3625/5047/56979",44
"GO:0098659","inorganic cation import across plasma membrane","44/3310","131/16481",0.33587786259542,1.67238762943659,3.87328728105862,0.000193141831093194,0.00868818997223351,0.00868818997223351,"8911/3761/389015/27347/8884/84679/162514/495/10723/3766/57657/283375/3769/5026/201266/481/1261/3758/7226/51305/931/25769/27112/6549/3763/774/6550/7442/348980/3757/3934/8913/777/55630/53828/100134444/478/3783/610/6569/3458/496/6339/51802",44
"GO:0099587","inorganic ion import across plasma membrane","44/3310","131/16481",0.33587786259542,1.67238762943659,3.87328728105862,0.000193141831093194,0.00868818997223351,0.00868818997223351,"8911/3761/389015/27347/8884/84679/162514/495/10723/3766/57657/283375/3769/5026/201266/481/1261/3758/7226/51305/931/25769/27112/6549/3763/774/6550/7442/348980/3757/3934/8913/777/55630/53828/100134444/478/3783/610/6569/3458/496/6339/51802",44
"GO:0030574","collagen catabolic process","19/3310","42/16481",0.452380952380952,2.25247446410588,4.07416912474159,0.000198806341018818,0.0088696960177494,0.0088696960177494,"4312/2191/4323/4324/5653/5645/4316/4319/4314/4325/9313/140766/164656/4318/4322/4321/4320/4317/4326",19
"GO:0048598","embryonic morphogenesis","95/3310","338/16481",0.281065088757396,1.39946638302437,3.7198865058535,0.000219308573961785,0.00970485014694304,0.00970485014694304,"668/7020/6491/7358/3233/8091/4237/4323/3673/7054/4324/145258/57822/5818/6662/3205/1290/10736/3239/7547/6664/89870/1301/1294/1846/125488/3249/1289/3221/3213/7479/64220/161497/83881/3690/53904/116039/2139/6496/3227/51384/3914/9350/3207/26585/2048/3691/4488/140469/3209/26011/3975/1482/3198/2668/121643/4760/22943/221908/7545/2201/6862/3357/642658/3237/5015/8092/3219/5629/3225/55897/8928/57057/4318/100506013/5307/5460/6299/145873/85474/10083/7291/1280/6657/2304/23213/4317/51804/100131390/23513/388591/3232/9096/2626/6495",95
"GO:0051304","chromosome separation","32/3310","87/16481",0.367816091954023,1.83141299440914,3.8977788486401,0.000221412687360264,0.00971894562340254,0.00971894562340254,"54908/9212/57405/57082/699/54892/10403/83540/11065/147841/9787/891/55055/9700/23397/3619/220134/348654/221150/332/83903/5347/64151/1063/11130/55143/4085/7272/9319/9735/991/701",32
"GO:0051447","negative regulation of meiotic cell cycle","10/3310","16/16481",0.625,3.11197129909366,4.23692095227993,0.000254710475307651,0.0110911129367963,0.0110911129367963,"4880/84072/9088/57082/150280/1761/11130/7272/9319/286151",10
"GO:0035725","sodium ion transmembrane transport","57/3310","184/16481",0.309782608695652,1.54245533955077,3.70938825789882,0.000286830792144804,0.0123906349336839,0.0123906349336839,"142680/389015/51297/65268/27347/1259/8884/159963/284111/84679/162514/2902/495/2903/6538/57657/55089/1258/6334/388662/6568/481/1261/7226/51305/6328/25769/6526/6535/55117/6549/6331/6531/348932/64078/6550/6534/6543/348980/64849/65267/29850/41/10050/53828/478/6329/6528/610/183/6569/54997/3775/496/6339/51802/83959",57
"GO:0001708","cell fate specification","26/3310","67/16481",0.388059701492537,1.9322090454074,3.83289326132849,0.000317284266115553,0.0135982540194248,0.0135982540194248,"5457/145258/10215/6662/10736/64843/59335/5454/3110/54845/2139/6913/344167/3207/22943/347853/429/6862/55897/57057/5460/10716/6657/6911/9096/3670",26
"GO:0050000","chromosome localization","40/3310","119/16481",0.336134453781513,1.67366523648734,3.69728261782084,0.000362350341260922,0.0154083820897125,0.0154083820897125,"54908/3835/9212/84722/1894/283129/9928/4751/81620/81930/57405/57082/284071/10403/3833/83540/147841/9787/891/151648/1058/55055/29127/81610/3619/220134/1062/221150/92421/332/90417/11004/1063/11130/983/55143/7272/79980/9735/10615",40
"GO:0035036","sperm-egg recognition","15/3310","31/16481",0.483870967741935,2.40926810252412,3.93708456964201,0.000377909951315896,0.0159454563179257,0.0159454563179257,"149095/26998/203102/7784/2515/124626/22917/127579/7455/83639/54742/8749/171169/226/5047",15
"GO:0042363","fat-soluble vitamin catabolic process","9/3310","14/16481",0.642857142857143,3.20088476478205,4.12987878409307,0.000392228872049941,0.0164223211582141,0.0164223211582141,"11283/1594/1592/4051/8529/54905/57834/1591/874",9
"GO:0021510","spinal cord development","22/3310","54/16481",0.407407407407407,2.02854425422401,3.79510642731471,0.00040587832319373,0.0168640894133089,0.0168640894133089,"387804/64211/7804/50674/6664/3110/6666/6715/27023/5080/8646/4747/3975/2668/121643/6659/7545/429/161357/5629/57057/3670",22
"GO:0071168","protein localization to chromatin","24/3310","61/16481",0.39344262295082,1.95901144074092,3.76171037596518,0.000419032760807257,0.017278752402075,0.017278752402075,"8970/8335/9212/3012/8361/84515/8368/8366/121504/4796/1058/8294/8360/8367/5347/8365/8370/8364/8362/554313/8363/55656/8359/29128",24
"GO:0090596","sensory organ morphogenesis","47/3310","147/16481",0.319727891156463,1.59197443327784,3.61408670854953,0.000431421454826465,0.0176558419445146,0.0176558419445146,"668/7020/793/4237/7054/145258/5818/6662/1290/7547/25987/6664/125488/197021/3249/6666/1289/5080/64220/161497/53904/116039/6496/51384/7287/2048/1946/140469/3975/3198/121643/8842/6659/7070/221935/7545/2201/5308/5629/2301/55714/10083/7291/4647/51804/9096/6495",47
"GO:0042445","hormone metabolic process","62/3310","207/16481",0.29951690821256,1.49134083512121,3.56618691567829,0.000439840667309353,0.0178660653146628,0.0178660653146628,"25825/2784/10720/157506/1056/54490/5122/1565/4158/339761/7173/5046/441282/6718/5653/1803/1562/1181/3292/7366/389434/1109/9227/3249/3294/1592/6715/79154/1588/7365/54575/1589/127/5034/1733/57016/54658/3972/54576/5126/10202/54905/79644/1734/6696/6447/54578/53630/126/54577/8644/6121/1559/6528/1646/1645/15/2304/1428/4224/51083/56605",62
"GO:1902476","chloride transmembrane transport","36/3310","105/16481",0.342857142857143,1.70713854121709,3.6440008421487,0.00045605292479041,0.0183873782935867,0.0183873782935867,"144453/1364/3776/65010/266675/2567/1187/2560/8001/338440/2564/10723/1181/2558/80727/50636/55879/363/10861/6508/2569/2556/2563/200959/846/2568/1180/5172/57348/6509/1179/6512/3775/2566/54102/2570",36
"GO:0002009","morphogenesis of an epithelium","85/3310","303/16481",0.280528052805281,1.39679239827306,3.49466433487748,0.000487944869067896,0.0195285582524747,0.0195285582524747,"8687/7020/6491/326/9955/3868/390792/25789/57822/55366/3371/349633/6662/10736/9687/3861/7547/4233/1950/6664/3217/2297/3882/5314/192666/8399/1289/55083/3690/54474/51384/3872/3880/3207/8914/26585/84446/3975/1482/1747/2668/121643/81792/80326/80000/9024/3859/4192/3866/6423/1823/3237/401720/5629/3885/3934/55897/8928/3853/25984/3857/57057/846/3881/43847/634/89958/6299/55612/8689/4321/85474/146206/5058/125115/2304/23213/183/51804/23513/388591/9096/2626/6495/3884",85
"GO:0021545","cranial nerve development","17/3310","38/16481",0.447368421052632,2.22751629829862,3.79762224603991,0.000501477968682585,0.0199236830915278,0.0199236830915278,"7020/1141/3746/220202/5457/4821/8929/1258/55558/10371/3198/3747/6299/401/51804/3670/6495",17
"GO:0048477","oogenesis","26/3310","69/16481",0.376811594202899,1.87620298612023,3.65621516657544,0.000542324935103038,0.0213903958098974,0.0213903958098974,"668/163589/54937/4880/84072/51087/25879/7784/2069/388553/284071/166863/402381/346673/11022/891/317761/268/4192/56165/340719/283677/646799/80336/9319/347688",26
"GO:0040020","regulation of meiotic nuclear division","11/3310","20/16481",0.55,2.73853474320242,3.89990017121296,0.00058011567291634,0.0227163281128319,0.0227163281128319,"84072/10635/57082/150280/1761/388553/346673/11130/9319/286151/56979",11
"GO:0009070","serine family amino acid biosynthetic process","8/3310","12/16481",0.666666666666667,3.31943605236657,4.02923536662367,0.000595757661548428,0.0229979358284262,0.0229979358284262,"5723/29968/6472/54363/64902/1491/875/102724560",8
"GO:0070365","hepatocyte differentiation","8/3310","12/16481",0.666666666666667,3.31943605236657,4.02923536662367,0.000595757661548428,0.0229979358284262,0.0229979358284262,"3673/1373/79733/144455/5629/55897/8928/5105",8
"GO:0006261","DNA-templated DNA replication","51/3310","165/16481",0.309090909090909,1.53901126064268,3.48831895395936,0.000615827884518978,0.0236052899678648,0.0236052899678648,"23594/374393/5111/79915/197342/990/5427/29980/9837/51750/80174/81620/7083/84515/8318/55388/675/51053/146956/11169/4176/580/672/56652/5423/8914/4796/10721/4998/4175/1663/79733/90381/10926/11232/641/8317/348654/5888/5984/144455/51514/9156/10293/1763/345643/2237/84296/4173/10535/4171",51
"GO:0006805","xenobiotic metabolic process","41/3310","126/16481",0.325396825396825,1.62020093032178,3.50328635361449,0.000654584077529929,0.0249153925454224,0.0249153925454224,"218/10720/1565/2902/1562/442038/7366/1592/1244/1571/57491/670/3172/9153/54575/1557/8529/54658/54576/54905/8714/10599/54578/54577/8647/64078/23491/1555/221357/873/134147/28234/4025/54498/79799/1559/1728/8856/1645/790/874",41
"GO:0071824","protein-DNA complex organization","60/3310","202/16481",0.297029702970297,1.478956656995,3.43353329182258,0.000680416194317223,0.0257187871226989,0.0257187871226989,"3024/8340/8341/8970/255626/8356/8290/29028/6662/8361/81620/8346/8349/138474/8342/8368/8318/388951/8347/3018/3014/126961/8339/3008/8366/121504/8354/8350/10036/8355/8343/8294/3010/54457/55723/8353/8208/8360/3005/5888/92815/8367/8358/8968/8365/3006/8370/3009/8344/8364/8362/554313/8345/8357/8352/8363/8359/3159/3007/653604",60
"GO:0009792","embryo development ending in birth or egg hatching","70/3310","244/16481",0.286885245901639,1.42844584220692,3.38003483478082,0.000757081282188246,0.0284192649582802,0.0284192649582802,"7020/6491/3233/84072/4624/145258/57822/1745/6662/6665/3205/7784/7547/6664/3955/1748/53820/3221/3213/27023/8521/430/1045/387733/116039/7022/3227/8646/344167/672/80312/3207/79733/3975/1277/1482/1044/3198/1747/6862/5075/642658/144455/3237/2530/8092/3219/5629/3225/1750/55897/1746/1832/1749/10016/5460/145873/27022/7291/1280/23213/10733/134701/1281/51804/23513/3232/9096/3670/6495",70
"GO:0002460","adaptive immune response based on somatic recombination of immune receptors built from immunoglobulin superfamily domains","96/3310","355/16481",0.270422535211268,1.34647546912897,3.30831280553579,0.000852155753317579,0.0317690668856684,0.0317690668856683,"28468/27189/326/102723170/28426/28452/6363/5321/28408/733/102723169/3543/619207/3605/28442/7784/28466/50943/28445/28414/100423062/28467/28394/28444/57289/3495/725/28409/55061/3503/28447/28395/1380/939/28450/28834/28458/28410/3595/154064/28424/28449/563/28392/28457/3538/28385/28412/430/28448/3718/28400/28429/259307/909/930/2048/102723168/3502/10563/3456/10538/28464/3501/28401/28432/7292/970/3494/28423/28388/3902/3514/28473/3493/7186/28461/3539/3542/28439/5687/59067/3497/5678/634/84766/51561/28343/28434/28378/28391/3329/3500/28455/28420/28454",96
"GO:0051383","kinetochore organization","15/3310","33/16481",0.454545454545455,2.26325185388629,3.6414436285215,0.000867596587620877,0.0321246818123839,0.0321246818123839,"55839/64946/387103/11339/64105/54069/83540/2491/9787/1058/1062/55355/1063/9735/79172",15
"GO:0006821","chloride transport","38/3310","116/16481",0.327586206896552,1.63110219814564,3.41943150156248,0.000877235931657688,0.032262129567654,0.032262129567654,"144453/1364/3776/65010/266675/2567/1187/2560/8001/338440/2564/10723/1181/5026/2558/80727/50636/55879/5030/363/10861/6508/2569/2556/2563/200959/846/2568/1180/5172/57348/6509/1179/6512/3775/2566/54102/2570",38
"GO:0032963","collagen metabolic process","33/3310","97/16481",0.34020618556701,1.69393901641387,3.43621579166123,0.000899210211162023,0.0328483300627845,0.0328483300627845,"2147/4312/4880/2191/4323/3673/4324/5653/7349/5645/1289/57333/57332/4316/4319/1277/265/4314/4325/9313/642658/140766/10609/10536/164656/5352/4318/4322/4321/4320/4317/8710/4326",33
"GO:0006814","sodium ion transport","67/3310","233/16481",0.28755364806867,1.431773919583,3.32749672826902,0.000906288650492146,0.0328861941641917,0.0328861941641917,"142680/389015/51297/65268/10991/27347/1259/8884/151258/159963/284111/84679/162514/2902/495/115584/2903/6538/57657/55089/1258/6334/388662/6568/481/1261/7226/51305/5318/6328/25769/6526/6535/154215/55117/1482/6549/6331/6531/286183/348932/64078/6550/6534/6543/348980/64849/65267/29850/79570/378807/41/10050/53828/478/6329/6528/610/183/6569/54997/3775/496/128414/6339/51802/83959",67
"GO:0001655","urogenital system development","14/3310","30/16481",0.466666666666667,2.3236052366566,3.63752660612905,0.000931350495795877,0.0332488035461757,0.0332488035461757,"10481/2049/6662/3205/3239/6715/27023/116039/3206/3207/2048/3209/3975/23213",14
"GO:0003228","atrial cardiac muscle tissue development","10/3310","18/16481",0.555555555555556,2.76619671030547,3.75840918398825,0.000936285085262785,0.0332488035461757,0.0332488035461757,"4624/6474/7547/10804/1482/5629/8913/55897/9096/3670",10
"GO:0021517","ventral spinal cord development","10/3310","18/16481",0.555555555555556,2.76619671030547,3.75840918398825,0.000936285085262785,0.0332488035461757,0.0332488035461757,"387804/7804/3110/5080/3975/121643/429/161357/57057/3670",10
"GO:0007423","sensory organ development","96/3310","356/16481",0.269662921348315,1.34269323466513,3.27690532301737,0.000940715735092973,0.0332488035461757,0.0332488035461757,"668/7020/55891/5079/793/3776/4237/220202/7054/145258/10215/1412/57110/1745/5818/6662/50674/1290/8929/7547/283375/25987/6664/155051/8022/2558/125488/197021/3249/6666/64093/1289/6490/5080/64220/161497/430/1365/54845/53904/116039/1261/6496/168620/51384/7287/399473/63973/2048/1946/140469/3975/3198/121643/3208/170692/8842/6659/7070/4760/6531/80326/474/221935/94233/7545/429/2201/3859/4990/1641/5308/5629/1746/2301/6121/4810/55714/3299/124842/6658/10083/7291/1280/6657/890/4647/51804/10765/167826/9096/2706/4171/646960/6495/7475",96
"GO:0000819","sister chromatid segregation","69/3310","243/16481",0.283950617283951,1.41383387415613,3.2579628715727,0.00111018017748909,0.0389852303617622,0.0389852303617622,"7283/24137/54908/3835/990/9212/84722/9928/22974/54627/3834/81620/81930/57405/57082/9918/64105/285643/699/54892/10403/3833/83540/9493/11065/2491/7153/147841/9787/891/146909/1058/55055/9700/23397/116028/29127/8193/3619/220134/26151/348654/1062/221150/1104/92421/11200/332/90417/83903/9055/5347/10460/11004/56992/64151/1063/11130/983/55143/4085/7272/3832/9319/29128/9735/991/10615/701",69
"GO:0007530","sex determination","8/3310","13/16481",0.615384615384615,3.06409481756914,3.73219319021655,0.00127606660871666,0.0437155554936412,0.0437155554936412,"6662/190/1761/6715/2516/268/6658/51804",8
"GO:0044771","meiotic cell cycle phase transition","8/3310","13/16481",0.615384615384615,3.06409481756914,3.73219319021655,0.00127606660871666,0.0437155554936412,0.0437155554936412,"9088/995/57082/10403/993/11130/7272/991",8
"GO:0048665","neuron fate specification","8/3310","13/16481",0.615384615384615,3.06409481756914,3.73219319021655,0.00127606660871666,0.0437155554936412,0.0437155554936412,"5457/64843/59335/5454/3110/54845/429/3670",8
"GO:0048568","embryonic organ development","68/3310","240/16481",0.283333333333333,1.41076032225579,3.21344557840952,0.00127701145020925,0.0437155554936412,0.0437155554936412,"668/7020/6491/3233/4237/7054/145258/7173/5818/6662/6665/3205/10736/7547/6664/3217/125488/3249/3221/3213/27042/64220/161497/8521/2019/430/53904/116039/6496/3227/51384/3207/2020/2048/140469/79733/3975/1482/3198/2668/121643/4760/221908/7545/2201/144455/3237/8092/5308/3219/5629/3225/55897/8928/57057/100506013/6299/10083/7291/1280/2304/51645/10733/388591/3232/9096/2626/6495",68
"GO:0051932","synaptic transmission, GABAergic","20/3310","51/16481",0.392156862745098,1.95260944256857,3.41557962418145,0.00129440024498343,0.04403387833403,0.04403387833403,"1269/3776/2567/2560/2564/85445/2558/55879/134/5368/2569/2556/2563/9568/2146/200959/2568/9001/2566/2570",20
"GO:0098773","skin epidermis development","25/3310","69/16481",0.36231884057971,1.80404133280792,3.35509940291671,0.00132998733938054,0.0449634850201756,0.0449634850201756,"1364/11005/59344/11187/3868/57822/6662/1001/54888/8399/344167/3872/51599/8626/1747/26154/80326/79152/1823/84283/375791/60529/55612/2304/51083",25
"GO:0001704","formation of primary germ layer","29/3310","84/16481",0.345238095238095,1.71899366997554,3.31181247146772,0.00138212469585451,0.046319765101751,0.046319765101751,"8091/4323/3673/4324/1290/10736/89870/1301/1294/1846/1289/83881/3690/2139/3914/3207/3691/3975/22943/6862/642658/55897/57057/4318/100506013/5460/145873/6657/4317",29
"GO:1905820","positive regulation of chromosome separation","14/3310","31/16481",0.451612903225806,2.24865022902251,3.48836501781275,0.00138712506183822,0.046319765101751,0.046319765101751,"9212/54892/11065/9787/9700/23397/3619/220134/221150/332/5347/64151/55143/991",14
"GO:0099565","chemical synaptic transmission, postsynaptic","35/3310","107/16481",0.327102803738318,1.62869525933874,3.2706788839773,0.00141254623253162,0.046881031363839,0.046881031363839,"1141/2898/1143/3776/4923/22999/6857/8001/2902/869/1134/6785/2903/2906/8973/4233/5026/2905/9699/6804/134/55584/1146/642938/5368/1144/1138/1140/7442/6543/9177/5024/6512/3359/23542",35
"GO:0030261","chromosome condensation","17/3310","41/16481",0.414634146341463,2.06452730086213,3.42122038670376,0.00142823068984497,0.0468900186408232,0.0468900186408232,"3024/8091/9918/54892/3008/7153/10595/891/3010/23397/3005/5347/3006/3009/64151/983/3007",17
"GO:0098739","import across plasma membrane","73/3310","262/16481",0.278625954198473,1.38732155623717,3.16806076224531,0.00143004649905873,0.0468900186408232,0.0468900186408232,"8911/3761/84889/389015/10991/27347/8884/4923/26291/84679/162514/495/56301/10723/3766/6511/57657/283375/3769/55089/5026/144195/201266/151176/10715/481/6564/1261/3758/7226/51305/931/5741/10158/9965/25769/6526/9154/6518/27112/388581/6549/3763/774/222642/6927/6513/6550/7442/6534/348980/3757/6542/3934/8913/777/55630/53828/100134444/478/6514/23596/8140/3783/6509/57393/23657/610/6569/3458/496/6339/51802",73
"GO:0007492","endoderm development","21/3310","55/16481",0.381818181818182,1.90113155726449,3.35572883692177,0.00147750345852341,0.0481559959565445,0.0481559959565445,"8091/4323/4324/1290/1301/1294/1846/1289/83881/3227/3914/3975/22943/55897/57057/4318/100506013/5460/6657/4317/2626",21
"GO:0009111","vitamin catabolic process","9/3310","16/16481",0.5625,2.80077416918429,3.61261434329892,0.00151426030571735,0.049060231214402,0.049060231214402,"11283/1594/1592/4051/8529/54905/57834/1591/874",9
